smiles,target
BrCBr,1.7337
BrCCBr,1.7762
BrCCCBr,2.1663000000000006
BrCCCCBr,2.556400000000001
BrCCCCCBr,2.9465000000000012
BrCCCCCCBr,3.3366000000000025
BrCCCCCCCBr,3.726700000000003
BrCCCCCCCCBr,4.116800000000003
BrCCCCCCCCCBr,4.5069000000000035
BrCCCCOBr,2.4880000000000004
BrCCCNBr,1.6708999999999998
BrCCCOBr,2.0979
BrCCNBr,1.2808
BrCCOBr,1.7078
BrCNBr,1.2383
BrCOBr,1.6653
Brc1ccccc1,2.4491000000000005
Brc1ccccc1Br,3.2116000000000007
Brc1cccnc1,1.8440999999999996
Brc1ccncc1,1.8440999999999996
Brc1ccncc1Br,2.6066000000000003
C,0.6361
C#C,0.24939999999999998
C#CC,0.6395
C#CCC,1.0295999999999998
C#N,0.13978
C1CCC1,1.5604
C1CCCC1,1.9505000000000001
C1CCCCC1,2.3406000000000002
C=C,0.8022
C=C(C)C,1.5824
C=CC,1.1923
C=CCBr,1.5673
C=CCC,1.5824
C=CCCBr,1.9574
C=CCCC,1.9725
C=CCCCBr,2.3475
C=CCCCC,2.3626000000000005
C=CCCCCBr,2.7376000000000014
C=CCCCCC,2.752700000000001
C=CCCCCCBr,3.1277000000000017
C=CCCCCCC,3.142800000000002
C=CCCCCCCBr,3.517800000000003
C=CCCCCCCC,3.5329000000000024
C=CCCCCCCCBr,3.9079000000000033
C=CCCCCCCCC,3.9230000000000027
C=CCCCCCCCCBr,4.298000000000004
C=CCCCCCCCCC,4.313100000000003
C=CCCCCCCCCCBr,4.688100000000004
C=CCCCCCCCCCCl,4.532000000000004
C=CCCCCCCCCCF,4.262700000000003
C=CCCCCCCCCCO,3.285500000000002
C=CCCCCCCCCCl,4.141900000000003
C=CCCCCCCCCF,3.872600000000003
C=CCCCCCCCCO,2.8954000000000018
C=CCCCCCCCCl,3.751800000000003
C=CCCCCCCCF,3.4825000000000026
C=CCCCCCCCO,2.5053000000000005
C=CCCCCCCCl,3.3617000000000026
C=CCCCCCCF,3.0924000000000014
C=CCCCCCCO,2.1152
C=CCCCCCCl,2.9716000000000014
C=CCCCCCF,2.702300000000001
C=CCCCCCO,1.7250999999999999
C=CCCCCCl,2.581500000000001
C=CCCCCF,2.3122000000000007
C=CCCCCO,1.335
C=CCCCCl,2.1914
C=CCCCF,1.9221000000000001
C=CCCCO,0.9448999999999999
C=CCCCl,1.8013
C=CCCF,1.532
C=CCCO,0.5548
C=CCCl,1.4112
C=CCF,1.1419
C=CCO,0.1647
C=CNC,0.3493
C=CNCBr,1.0719
C=CNCC,0.7394000000000001
C=CNCCBr,1.1144
C=CNCCC,1.1295
C=CNCCCBr,1.5045
C=CNCCCCl,1.3484
C=CNCCCF,1.0791
C=CNCCCO,0.10189999999999999
C=CNCCCl,0.9582999999999999
C=CNCCF,0.6890000000000001
C=CNCCO,-0.28819999999999996
C=CNCCl,0.9158
C=CNCF,0.6465000000000001
C=CNCO,-0.3307
C=COC,0.7763
C=COCBr,1.4989
C=COCC,1.1664
C=COCCBr,1.5413999999999999
C=COCCC,1.5565
C=COCCCBr,1.9315
C=COCCCC,1.9465999999999999
C=COCCCCBr,2.3216
C=COCCCCCl,2.1654999999999998
C=COCCCCF,1.8962
C=COCCCCO,0.9189999999999998
C=COCCCCl,1.7753999999999999
C=COCCCF,1.5061
C=COCCCO,0.5288999999999999
C=COCCCl,1.3853
C=COCCF,1.116
C=COCCO,0.13879999999999998
C=COCCl,1.3428
C=COCF,1.0735000000000001
C=COCO,0.0963
C=Cc1ccccc1,2.3296
C=Cc1ccccc1Br,3.092100000000001
C=Cc1ccccc1Cl,2.9830000000000014
C=Cc1ccccc1F,2.4687
C=Cc1ccccc1O,2.0352
C=Cc1cccnc1,1.7246
C=Cc1cnccc1Br,2.4871000000000008
C=Cc1cnccc1Cl,2.378000000000001
C=Cc1cnccc1F,1.8637000000000001
C=Cc1cnccc1O,1.4302
C=O,-0.1849
CBr,1.0110999999999999
CC,1.0262
CC#N,0.52988
CC(=O)Nc1ccccc1,1.6449999999999998
CC(=O)O,0.09089999999999993
CC(=O)Oc1ccccc1,1.6118999999999999
CC(=O)c1ccc(Cl)cc1,2.542600000000001
CC(=O)c1ccc(O)cc1,1.5948
CC(=O)c1ccccc1,1.8892
CC(=O)c1ccccc1C,2.1976200000000006
CC(=O)c1ccccc1C=O,1.7017
CC(=O)c1ccccc1N,1.4714
CC(C)(C)C,2.0524
CC(C)(C)O,0.7771999999999999
CC(C)(C)c1ccccc1,2.9841000000000015
CC(C)=O,0.5952999999999999
CC(C)Br,1.7897
CC(C)C,1.6622999999999999
CC(C)C=O,0.8412999999999999
CC(C)CO,0.6347
CC(C)Cl,1.6336
CC(C)N,0.35350000000000004
CC(C)O,0.38710000000000006
CC(C)S,1.3246
CC(C)c1ccccc1,2.8100000000000014
CC(N)=O,-0.5084000000000002
CC=CC,1.5824
CC=CCC,1.9725
CC=O,0.2052
CCBr,1.4012
CCC,1.4163
CCC#N,0.91998
CCC(=O)CC,1.3755
CCC(=O)Nc1ccccc1,2.0351
CCC(=O)O,0.481
CCC(=O)OC,0.5694
CCC(=O)Oc1ccccc1,2.002
CCC(=O)c1ccccc1,2.2793
CCC(=O)c1ccccc1C,2.587720000000001
CCC(=O)c1ccccc1C=O,2.0918
CCC(=O)c1ccccc1CC,2.8417000000000012
CCC(=O)c1ccccc1N,1.8615
CCC(C)(C)C,2.442500000000001
CCC(C)=O,0.9854
CCC(C)C,2.0524
CCC(N)=O,-0.11829999999999996
CCC=O,0.5952999999999999
CCCBr,1.7913000000000001
CCCC,1.8064
CCCC#N,1.31008
CCCC(=O)CC,1.7656
CCCC(=O)CCC,2.1557000000000004
CCCC(=O)Nc1ccccc1,2.4252000000000002
CCCC(=O)O,0.8711
CCCC(=O)OC,0.9595
CCCC(=O)Oc1ccccc1,2.3921
CCCC(=O)c1ccccc1,2.6694000000000013
CCCC(=O)c1ccccc1C,2.9778200000000012
CCCC(C)(C)C,2.832600000000001
CCCC(C)=O,1.3755
CCCC(C)C,2.442500000000001
CCCC(C)O,1.1673
CCCC(C)c1ccccc1,3.590200000000002
CCCC(N)=O,0.27180000000000015
CCCC=O,0.9854
CCCCBr,2.1814
CCCCC,2.1965000000000003
CCCCC#N,1.70018
CCCCC(=O)O,1.2612
CCCCC(=O)c1ccccc1,3.0595000000000017
CCCCC(C)(C)C,3.2227000000000023
CCCCC(C)=O,1.7656
CCCCC(C)C,2.832600000000001
CCCCC(N)=O,0.6619
CCCCC=O,1.3755
CCCCCBr,2.5715000000000012
CCCCCC,2.5866000000000007
CCCCCC#N,2.09028
CCCCCC(=O)O,1.6513
CCCCCC(N)=O,1.052
CCCCCC=O,1.7656
CCCCCCBr,2.9616000000000016
CCCCCCC,2.976700000000002
CCCCCCC#N,2.4803800000000003
CCCCCCC(=O)O,2.0414
CCCCCCC(N)=O,1.4421
CCCCCCC=O,2.1557000000000004
CCCCCCCBr,3.351700000000002
CCCCCCCC,3.3668000000000022
CCCCCCCC#N,2.8704800000000015
CCCCCCCC(=O)O,2.4314999999999998
CCCCCCCC(N)=O,1.8322
CCCCCCCC=O,2.5458000000000007
CCCCCCCCBr,3.741800000000003
CCCCCCCCC,3.7569000000000026
CCCCCCCCC#N,3.260580000000002
CCCCCCCCC(=O)O,2.821600000000001
CCCCCCCCC(N)=O,2.2223
CCCCCCCCC=O,2.935900000000001
CCCCCCCCCBr,4.1319000000000035
CCCCCCCCCC,4.147000000000004
CCCCCCCCCC#N,3.650680000000003
CCCCCCCCCC(=O)O,3.2117000000000013
CCCCCCCCCC(N)=O,2.6124
CCCCCCCCCC=O,3.3260000000000023
CCCCCCCCCCC,4.537100000000004
CCCCCCCCCCC#N,4.040780000000003
CCCCCCCCCCC=O,3.7161000000000026
CCCCCCCCCCCC,4.9272000000000045
CCCCCCCCCCCC#N,4.430880000000004
CCCCCCCCCCCC=O,4.106200000000003
CCCCCCCCCCCCC,5.317300000000005
CCCCCCCCCCCCC#N,4.820980000000004
CCCCCCCCCCCCC=O,4.496300000000004
CCCCCCCCCCCCCC,5.707400000000006
CCCCCCCCCCCCCC=O,4.8864000000000045
CCCCCCCCCCCCCCC,6.097500000000006
CCCCCCCCCCCCCCCC,6.487600000000007
CCCCCCCCCCCCCCCCC,6.877700000000007
CCCCCCCCCCCCCCCCCC,7.267800000000007
CCCCCCCCCCCCCCCCCCC,7.657900000000008
CCCCCCCCCCCCCCCCCCCC,8.048000000000007
CCCCCCCCCCCCCCCO,5.069900000000006
CCCCCCCCCCCCCCN,4.646200000000003
CCCCCCCCCCCCCCO,4.679800000000005
CCCCCCCCCCCCCN,4.256100000000003
CCCCCCCCCCCCCO,4.289700000000004
CCCCCCCCCCCCN,3.8660000000000023
CCCCCCCCCCCCO,3.8996000000000035
CCCCCCCCCCCN,3.475900000000001
CCCCCCCCCCCNC,3.736600000000002
CCCCCCCCCCCNCC,4.126700000000003
CCCCCCCCCCCNCCC,4.5168000000000035
CCCCCCCCCCCO,3.5095000000000023
CCCCCCCCCCCOC,4.163600000000003
CCCCCCCCCCCOCC,4.553700000000004
CCCCCCCCCCCOCCC,4.943800000000005
CCCCCCCCCCCOCCCC,5.333900000000005
CCCCCCCCCCCc1ccccc1,5.759900000000005
CCCCCCCCCCCc1cccnc1,5.154900000000005
CCCCCCCCCCCc1ccncc1,5.154900000000005
CCCCCCCCCCN,3.0858000000000008
CCCCCCCCCCNC,3.3465000000000016
CCCCCCCCCCNCC,3.736600000000002
CCCCCCCCCCNCCC,4.126700000000003
CCCCCCCCCCO,3.119400000000002
CCCCCCCCCCOC,3.773500000000003
CCCCCCCCCCOC#N,3.624780000000003
CCCCCCCCCCOC=O,3.3001000000000023
CCCCCCCCCCOCC,4.163600000000003
CCCCCCCCCCOCC#N,3.6672800000000025
CCCCCCCCCCOCC=O,3.342600000000002
CCCCCCCCCCOCCC,4.5537000000000045
CCCCCCCCCCOCCC=O,3.732700000000003
CCCCCCCCCCOCCCC,4.943800000000005
CCCCCCCCCCOCCCCC,5.333900000000006
CCCCCCCCCCOCCCCCC,5.724000000000006
CCCCCCCCCCOCCCCCCC,6.114100000000007
CCCCCCCCCCOCCCCCCCC,6.504200000000007
CCCCCCCCCCOCCCCCCCCC,6.894300000000008
CCCCCCCCCCOCCCCO,3.916200000000003
CCCCCCCCCCOCCCN,3.4925000000000015
CCCCCCCCCCOCCCO,3.5261000000000027
CCCCCCCCCCOCCN,3.102400000000001
CCCCCCCCCCOCCO,3.1360000000000023
CCCCCCCCCCOCN,3.0599000000000007
CCCCCCCCCCOCO,3.093500000000002
CCCCCCCCCCOc1ccccc1,5.2061000000000055
CCCCCCCCCCOc1ccncc1,4.601100000000004
CCCCCCCCCCc1ccccc1,5.369800000000005
CCCCCCCCCCc1cccnc1,4.764800000000005
CCCCCCCCCCc1ccncc1,4.764800000000005
CCCCCCCCCCl,3.975800000000003
CCCCCCCCCF,3.706500000000003
CCCCCCCCCN,2.6957000000000004
CCCCCCCCCNC,2.9564000000000012
CCCCCCCCCNC#N,2.8076800000000004
CCCCCCCCCNC=O,2.4830000000000005
CCCCCCCCCNCC,3.3465000000000016
CCCCCCCCCNCC#N,2.850180000000001
CCCCCCCCCNCC=O,2.525500000000001
CCCCCCCCCNCCC,3.736600000000003
CCCCCCCCCNCCC=O,2.9156000000000013
CCCCCCCCCNCCCC,4.126700000000003
CCCCCCCCCNCCCCC,4.5168000000000035
CCCCCCCCCNCCCCCC,4.906900000000005
CCCCCCCCCNCCCCCCC,5.297000000000005
CCCCCCCCCNCCCCCCCC,5.687100000000006
CCCCCCCCCNCCCCCCCCC,6.077200000000007
CCCCCCCCCNCCCCO,3.0991000000000013
CCCCCCCCCNCCCN,2.6754000000000007
CCCCCCCCCNCCCO,2.709000000000001
CCCCCCCCCNCCN,2.2853
CCCCCCCCCNCCO,2.3189000000000006
CCCCCCCCCNCN,2.2428
CCCCCCCCCNCO,2.2764
CCCCCCCCCNNC,2.4610000000000003
CCCCCCCCCNNCC,2.8511000000000006
CCCCCCCCCNNCCC,3.241200000000001
CCCCCCCCCNOC,2.888000000000001
CCCCCCCCCNOCC,3.278100000000001
CCCCCCCCCNOCCC,3.6682000000000023
CCCCCCCCCNOCCCC,4.058300000000003
CCCCCCCCCNc1ccccc1,4.849100000000004
CCCCCCCCCNc1cccnc1,4.244100000000003
CCCCCCCCCNc1ccncc1,4.244100000000003
CCCCCCCCCO,2.7293000000000016
CCCCCCCCCOC,3.3834000000000026
CCCCCCCCCOC#N,3.2346800000000018
CCCCCCCCCOC=O,2.910000000000001
CCCCCCCCCOCC,3.773500000000003
CCCCCCCCCOCC#N,3.277180000000002
CCCCCCCCCOCC=O,2.9525000000000015
CCCCCCCCCOCCC,4.163600000000003
CCCCCCCCCOCCC=O,3.342600000000002
CCCCCCCCCOCCCC,4.5537000000000045
CCCCCCCCCOCCCCC,4.943800000000005
CCCCCCCCCOCCCCCC,5.333900000000006
CCCCCCCCCOCCCCCCC,5.724000000000006
CCCCCCCCCOCCCCCCCC,6.114100000000007
CCCCCCCCCOCCCCCCCCC,6.504200000000007
CCCCCCCCCOCCCCO,3.5261000000000027
CCCCCCCCCOCCCN,3.102400000000001
CCCCCCCCCOCCCO,3.1360000000000023
CCCCCCCCCOCCN,2.7123
CCCCCCCCCOCCO,2.745900000000001
CCCCCCCCCOCN,2.6698000000000004
CCCCCCCCCOCNC,2.930500000000001
CCCCCCCCCOCNCC,3.3206000000000016
CCCCCCCCCOCNCCC,3.7107000000000028
CCCCCCCCCOCO,2.7034000000000016
CCCCCCCCCOCOC,3.3575000000000026
CCCCCCCCCOCOCC,3.747600000000003
CCCCCCCCCOCOCCC,4.137700000000003
CCCCCCCCCOCOCCCC,4.5278000000000045
CCCCCCCCCOCc1ccccc1,4.953800000000005
CCCCCCCCCOCc1cccnc1,4.348800000000003
CCCCCCCCCONC,2.888000000000001
CCCCCCCCCONCC,3.278100000000001
CCCCCCCCCONCCC,3.6682000000000023
CCCCCCCCCOOC,3.315000000000002
CCCCCCCCCOOCC,3.7051000000000025
CCCCCCCCCOOCCC,4.095200000000004
CCCCCCCCCOOCCCC,4.485300000000004
CCCCCCCCCOc1ccccc1,4.816000000000004
CCCCCCCCCOc1cccnc1,4.211000000000003
CCCCCCCCCOc1ccncc1,4.211000000000003
CCCCCCCCCc1ccccc1,4.979700000000005
CCCCCCCCCc1cccnc1,4.374700000000003
CCCCCCCCCc1ccncc1,4.374700000000003
CCCCCCCCCl,3.5857000000000028
CCCCCCCCF,3.3164000000000025
CCCCCCCCN,2.3056
CCCCCCCCNC,2.566300000000001
CCCCCCCCNC#N,2.41758
CCCCCCCCNC=O,2.0929
CCCCCCCCNCC,2.9564000000000012
CCCCCCCCNCC#N,2.4600800000000005
CCCCCCCCNCC=O,2.1353999999999997
CCCCCCCCNCCC,3.3465000000000016
CCCCCCCCNCCC=O,2.525500000000001
CCCCCCCCNCCCC,3.736600000000003
CCCCCCCCNCCCCC,4.126700000000003
CCCCCCCCNCCCCCC,4.5168000000000035
CCCCCCCCNCCCCCCC,4.906900000000005
CCCCCCCCNCCCCCCCC,5.297000000000005
CCCCCCCCNCCCCO,2.709000000000002
CCCCCCCCNCCCN,2.2853000000000003
CCCCCCCCNCCCO,2.3189000000000006
CCCCCCCCNCCN,1.8952
CCCCCCCCNCCO,1.9288000000000003
CCCCCCCCNCN,1.8527
CCCCCCCCNCO,1.8862999999999999
CCCCCCCCNNC,2.0709
CCCCCCCCNNCC,2.4610000000000003
CCCCCCCCNNCCC,2.8511000000000015
CCCCCCCCNOC,2.4979000000000005
CCCCCCCCNOCC,2.888000000000001
CCCCCCCCNOCCC,3.278100000000002
CCCCCCCCNOCCCC,3.6682000000000023
CCCCCCCCNc1ccccc1,4.459000000000003
CCCCCCCCNc1cccnc1,3.8540000000000028
CCCCCCCCNc1ccncc1,3.8540000000000028
CCCCCCCCO,2.3392000000000013
CCCCCCCCOC,2.9933000000000014
CCCCCCCCOC#N,2.8445800000000014
CCCCCCCCOC=O,2.5199000000000007
CCCCCCCCOCC,3.3834000000000026
CCCCCCCCOCC#N,2.887080000000002
CCCCCCCCOCC=O,2.562400000000001
CCCCCCCCOCCC,3.773500000000003
CCCCCCCCOCCC=O,2.9525000000000015
CCCCCCCCOCCCC,4.163600000000003
CCCCCCCCOCCCCC,4.5537000000000045
CCCCCCCCOCCCCCC,4.943800000000005
CCCCCCCCOCCCCCCC,5.333900000000006
CCCCCCCCOCCCCCCCC,5.724000000000006
CCCCCCCCOCCCCO,3.1360000000000023
CCCCCCCCOCCCN,2.7123
CCCCCCCCOCCCO,2.745900000000002
CCCCCCCCOCCN,2.3222
CCCCCCCCOCCO,2.355800000000001
CCCCCCCCOCN,2.2797
CCCCCCCCOCNC,2.540400000000001
CCCCCCCCOCNCC,2.930500000000001
CCCCCCCCOCNCCC,3.3206000000000016
CCCCCCCCOCO,2.3133000000000004
CCCCCCCCOCOC,2.9674000000000014
CCCCCCCCOCOCC,3.3575000000000026
CCCCCCCCOCOCCC,3.747600000000003
CCCCCCCCOCOCCCC,4.137700000000003
CCCCCCCCOCc1ccccc1,4.563700000000004
CCCCCCCCOCc1cccnc1,3.958700000000003
CCCCCCCCONC,2.4979000000000005
CCCCCCCCONCC,2.888000000000001
CCCCCCCCONCCC,3.278100000000002
CCCCCCCCOOC,2.924900000000002
CCCCCCCCOOCC,3.315000000000002
CCCCCCCCOOCCC,3.7051000000000025
CCCCCCCCOOCCCC,4.095200000000004
CCCCCCCCOc1ccccc1,4.425900000000004
CCCCCCCCOc1cccnc1,3.8209000000000026
CCCCCCCCOc1ccncc1,3.8209000000000026
CCCCCCCCc1ccccc1,4.589600000000004
CCCCCCCCc1cccnc1,3.984600000000003
CCCCCCCCc1ccncc1,3.984600000000003
CCCCCCCCl,3.1956000000000016
CCCCCCCF,2.9263000000000012
CCCCCCCN,1.9155
CCCCCCCNC,2.1761999999999997
CCCCCCCNC#N,2.02748
CCCCCCCNC=O,1.7027999999999999
CCCCCCCNCC,2.566300000000001
CCCCCCCNCC#N,2.06998
CCCCCCCNCC=O,1.7452999999999999
CCCCCCCNCCC,2.9564000000000012
CCCCCCCNCCC=O,2.1353999999999997
CCCCCCCNCCCC,3.3465000000000016
CCCCCCCNCCCCC,3.736600000000003
CCCCCCCNCCCCCC,4.126700000000003
CCCCCCCNCCCCCCC,4.5168000000000035
CCCCCCCNCCCCO,2.3189000000000006
CCCCCCCNCCCN,1.8951999999999998
CCCCCCCNCCCO,1.9288000000000003
CCCCCCCNCCN,1.5050999999999999
CCCCCCCNCCO,1.5387
CCCCCCCNCN,1.4626
CCCCCCCNCO,1.4962
CCCCCCCNNC,1.6807999999999998
CCCCCCCNNCC,2.0709
CCCCCCCNNCCC,2.4610000000000003
CCCCCCCNOC,2.1078
CCCCCCCNOCC,2.4979000000000005
CCCCCCCNOCCC,2.8880000000000017
CCCCCCCNOCCCC,3.278100000000002
CCCCCCCNc1ccccc1,4.068900000000003
CCCCCCCNc1cccnc1,3.4639000000000015
CCCCCCCNc1ccncc1,3.4639000000000024
CCCCCCCO,1.9491
CCCCCCCOC,2.603200000000001
CCCCCCCOC#N,2.45448
CCCCCCCOC=O,2.1298000000000004
CCCCCCCOCC,2.9933000000000014
CCCCCCCOCC#N,2.4969800000000006
CCCCCCCOCC=O,2.1723
CCCCCCCOCCC,3.3834000000000026
CCCCCCCOCCC=O,2.562400000000001
CCCCCCCOCCCC,3.773500000000003
CCCCCCCOCCCCC,4.163600000000003
CCCCCCCOCCCCCC,4.5537000000000045
CCCCCCCOCCCCCCC,4.943800000000005
CCCCCCCOCCCCO,2.745900000000001
CCCCCCCOCCCN,2.3222
CCCCCCCOCCCO,2.355800000000001
CCCCCCCOCCN,1.9321
CCCCCCCOCCO,1.9657000000000004
CCCCCCCOCN,1.8896
CCCCCCCOCNC,2.1502999999999997
CCCCCCCOCNCC,2.540400000000001
CCCCCCCOCNCCC,2.930500000000001
CCCCCCCOCO,1.9232
CCCCCCCOCOC,2.577300000000001
CCCCCCCOCOCC,2.9674000000000014
CCCCCCCOCOCCC,3.3575000000000026
CCCCCCCOCOCCCC,3.747600000000003
CCCCCCCOCc1ccccc1,4.173600000000003
CCCCCCCOCc1cccnc1,3.5686000000000027
CCCCCCCONC,2.1078
CCCCCCCONCC,2.4979000000000005
CCCCCCCONCCC,2.8880000000000017
CCCCCCCOOC,2.5348000000000006
CCCCCCCOOCC,2.924900000000001
CCCCCCCOOCCC,3.315000000000002
CCCCCCCOOCCCC,3.7051000000000025
CCCCCCCOc1ccccc1,4.035800000000003
CCCCCCCOc1cccnc1,3.4308000000000023
CCCCCCCOc1ccncc1,3.4308000000000023
CCCCCCCc1ccccc1,4.199500000000003
CCCCCCCc1cccnc1,3.594500000000002
CCCCCCCc1ccncc1,3.594500000000002
CCCCCCCl,2.805500000000001
CCCCCCF,2.536200000000001
CCCCCCN,1.5253999999999999
CCCCCCNC,1.7860999999999998
CCCCCCNC#N,1.63738
CCCCCCNC=O,1.3127
CCCCCCNCC,2.1761999999999997
CCCCCCNCC#N,1.6798799999999998
CCCCCCNCC=O,1.3552
CCCCCCNCCC,2.566300000000001
CCCCCCNCCC=O,1.7452999999999999
CCCCCCNCCCC,2.9564000000000012
CCCCCCNCCCCC,3.3465000000000025
CCCCCCNCCCCCC,3.736600000000003
CCCCCCNCCCCO,1.9288000000000003
CCCCCCNCCCN,1.5050999999999999
CCCCCCNCCCO,1.5387
CCCCCCNCCN,1.115
CCCCCCNCCO,1.1485999999999998
CCCCCCNCN,1.0725
CCCCCCNCO,1.1060999999999999
CCCCCCNNC,1.2907
CCCCCCNNCC,1.6808
CCCCCCNNCCC,2.0709
CCCCCCNOC,1.7176999999999998
CCCCCCNOCC,2.1078
CCCCCCNOCCC,2.4979000000000005
CCCCCCNOCCCC,2.8880000000000017
CCCCCCNc1ccccc1,3.6788000000000025
CCCCCCNc1cccnc1,3.073800000000001
CCCCCCNc1ccncc1,3.073800000000001
CCCCCCO,1.559
CCCCCCOC,2.2131
CCCCCCOC#N,2.06438
CCCCCCOC=O,1.7397
CCCCCCOCC,2.603200000000001
CCCCCCOCC#N,2.10688
CCCCCCOCC=O,1.7822
CCCCCCOCCC,2.9933000000000014
CCCCCCOCCC=O,2.1723
CCCCCCOCCCC,3.3834000000000026
CCCCCCOCCCCC,3.773500000000003
CCCCCCOCCCCCC,4.163600000000003
CCCCCCOCCCCO,2.355800000000001
CCCCCCOCCCN,1.9321
CCCCCCOCCCO,1.9657000000000004
CCCCCCOCCN,1.542
CCCCCCOCCO,1.5756
CCCCCCOCN,1.4994999999999998
CCCCCCOCNC,1.7601999999999998
CCCCCCOCNCC,2.1502999999999997
CCCCCCOCNCCC,2.540400000000001
CCCCCCOCO,1.5331
CCCCCCOCOC,2.1872
CCCCCCOCOCC,2.577300000000001
CCCCCCOCOCCC,2.9674000000000014
CCCCCCOCOCCCC,3.3575000000000026
CCCCCCOCc1ccccc1,3.7835000000000027
CCCCCCOCc1cccnc1,3.1785000000000014
CCCCCCONC,1.7176999999999998
CCCCCCONCC,2.1078
CCCCCCONCCC,2.4979000000000005
CCCCCCOOC,2.1447000000000003
CCCCCCOOCC,2.5348000000000006
CCCCCCOOCCC,2.924900000000001
CCCCCCOOCCCC,3.315000000000002
CCCCCCOc1ccccc1,3.6457000000000024
CCCCCCOc1cccnc1,3.040700000000001
CCCCCCOc1ccncc1,3.040700000000002
CCCCCCc1ccccc1,3.809400000000003
CCCCCCc1cccnc1,3.2044000000000015
CCCCCCc1ccncc1,3.2044000000000015
CCCCCCl,2.415400000000001
CCCCCF,2.1460999999999997
CCCCCN,1.1353
CCCCCNC,1.396
CCCCCNC#N,1.24728
CCCCCNC=O,0.9225999999999999
CCCCCNCC,1.7861
CCCCCNCC#N,1.28978
CCCCCNCC=O,0.9650999999999998
CCCCCNCCC,2.1761999999999997
CCCCCNCCC=O,1.3552
CCCCCNCCCC,2.566300000000001
CCCCCNCCCCC,2.9564000000000012
CCCCCNCCCCO,1.5387
CCCCCNCCCN,1.115
CCCCCNCCCO,1.1485999999999998
CCCCCNCCN,0.7249000000000001
CCCCCNCCO,0.7585
CCCCCNCN,0.6824000000000001
CCCCCNCO,0.716
CCCCCNNC,0.9006
CCCCCNNCC,1.2906999999999997
CCCCCNNCCC,1.6807999999999998
CCCCCNOC,1.3276
CCCCCNOCC,1.7177
CCCCCNOCCC,2.1078
CCCCCNOCCCC,2.4979000000000005
CCCCCNc1ccccc1,3.2887000000000013
CCCCCNc1cccnc1,2.683700000000001
CCCCCNc1ccncc1,2.683700000000001
CCCCCO,1.1689
CCCCCOC,1.823
CCCCCOC#N,1.67428
CCCCCOC=O,1.3496
CCCCCOCC,2.2131
CCCCCOCC#N,1.71678
CCCCCOCC=O,1.3921
CCCCCOCCC,2.603200000000001
CCCCCOCCC=O,1.7822
CCCCCOCCCC,2.9933000000000014
CCCCCOCCCCC,3.3834000000000026
CCCCCOCCCCO,1.9657000000000004
CCCCCOCCCN,1.542
CCCCCOCCCO,1.5756
CCCCCOCCN,1.1519
CCCCCOCCO,1.1855
CCCCCOCN,1.1094
CCCCCOCNC,1.3700999999999999
CCCCCOCNCC,1.7602
CCCCCOCNCCC,2.1502999999999997
CCCCCOCO,1.143
CCCCCOCOC,1.7971
CCCCCOCOCC,2.1872
CCCCCOCOCCC,2.577300000000001
CCCCCOCOCCCC,2.9674000000000014
CCCCCOCc1ccccc1,3.3934000000000024
CCCCCOCc1cccnc1,2.788400000000001
CCCCCONC,1.3276
CCCCCONCC,1.7177
CCCCCONCCC,2.1078
CCCCCOOC,1.7546
CCCCCOOCC,2.1447000000000003
CCCCCOOCCC,2.5348000000000006
CCCCCOOCCCC,2.924900000000001
CCCCCOc1ccccc1,3.255600000000002
CCCCCOc1cccnc1,2.6506000000000007
CCCCCOc1ccncc1,2.6506000000000007
CCCCCc1ccccc1,3.4193000000000024
CCCCCc1cccnc1,2.814300000000001
CCCCCc1ccncc1,2.814300000000001
CCCCCl,2.0253
CCCCF,1.756
CCCCI,2.2215
CCCCN,0.7452000000000001
CCCCNC,1.0059
CCCCNC#N,0.8571799999999998
CCCCNC=O,0.5325
CCCCNCC,1.396
CCCCNCC#N,0.89968
CCCCNCC=O,0.575
CCCCNCCC,1.7861
CCCCNCCC=O,0.9650999999999998
CCCCNCCCC,2.1761999999999997
CCCCNCCCCO,1.1485999999999998
CCCCNCCCN,0.7249000000000001
CCCCNCCCO,0.7585
CCCCNCCN,0.3347999999999999
CCCCNCCO,0.3683999999999999
CCCCNCN,0.29229999999999995
CCCCNCO,0.3258999999999999
CCCCNNC,0.5105000000000001
CCCCNNCC,0.9006
CCCCNNCCC,1.2906999999999997
CCCCNOC,0.9375
CCCCNOCC,1.3276
CCCCNOCCC,1.7177
CCCCNOCCCC,2.1078
CCCCNc1ccccc1,2.898600000000001
CCCCNc1cccnc1,2.2936000000000005
CCCCNc1ccncc1,2.2936000000000005
CCCCO,0.7787999999999999
CCCCOBr,2.113
CCCCOC,1.4329
CCCCOC#N,1.28418
CCCCOC(=O)O,1.4811
CCCCOC(N)=O,0.8818000000000001
CCCCOC=O,0.9595
CCCCOCC,1.823
CCCCOCC#N,1.32668
CCCCOCC=O,1.002
CCCCOCCC,2.2131
CCCCOCCC#N,1.71678
CCCCOCCC=O,1.3921
CCCCOCCCC,2.603200000000001
CCCCOCCCC#N,2.1068800000000003
CCCCOCCCC=O,1.7822
CCCCOCCCCC=O,2.1723
CCCCOCCCCCCO,2.355800000000001
CCCCOCCCCCN,1.9321000000000002
CCCCOCCCCCO,1.9657000000000004
CCCCOCCCCN,1.542
CCCCOCCCCO,1.5756000000000001
CCCCOCCCN,1.1519000000000001
CCCCOCCCO,1.1855
CCCCOCCN,0.7618
CCCCOCCO,0.7953999999999999
CCCCOCCc1ccccc1,3.0458000000000016
CCCCOCCc1ccncc1,2.4408000000000003
CCCCOCN,0.7193
CCCCOCNC,0.98
CCCCOCNCC,1.3701
CCCCOCNCCC,1.7602
CCCCOCO,0.7528999999999999
CCCCOCOC,1.407
CCCCOCOC#N,1.25828
CCCCOCOC=O,0.9336
CCCCOCOCC,1.7971
CCCCOCOCC#N,1.30078
CCCCOCOCC=O,0.9761
CCCCOCOCCC,2.1872
CCCCOCOCCC=O,1.3662
CCCCOCOCCCC,2.577300000000001
CCCCOCOCCCCO,1.5497
CCCCOCOCCCN,1.1260000000000001
CCCCOCOCCCO,1.1596
CCCCOCOCCN,0.7359
CCCCOCOCCO,0.7694999999999999
CCCCOCOCN,0.6934000000000001
CCCCOCOCO,0.7270000000000001
CCCCOCOc1ccccc1,2.839600000000001
CCCCOCOc1ccncc1,2.2346000000000004
CCCCOCc1ccccc1,3.003300000000002
CCCCOCc1cccnc1,2.3983000000000008
CCCCOCc1ccncc1,2.3983000000000008
CCCCOCl,1.9569
CCCCOF,1.6876
CCCCON,0.6768000000000002
CCCCONC,0.9375
CCCCONC#N,0.78878
CCCCONC=O,0.4641
CCCCONCC,1.3276000000000001
CCCCONCC#N,0.83128
CCCCONCC=O,0.5065999999999999
CCCCONCCC,1.7177
CCCCONCCC=O,0.8967
CCCCONCCCCO,1.0802
CCCCONCCCN,0.6565000000000002
CCCCONCCCO,0.6900999999999999
CCCCONCCN,0.2664000000000001
CCCCONCCO,0.3000000000000001
CCCCONCN,0.22390000000000015
CCCCONCO,0.2575000000000001
CCCCONc1ccccc1,2.8302000000000005
CCCCONc1ccncc1,2.2252
CCCCOO,1.2761
CCCCOOC,1.3645
CCCCOOC#N,1.21578
CCCCOOC=O,0.8911
CCCCOOCC,1.7546
CCCCOOCC#N,1.25828
CCCCOOCC=O,0.9336
CCCCOOCCC,2.1447000000000003
CCCCOOCCC=O,1.3237
CCCCOOCCCC,2.5348000000000006
CCCCOOCCCCO,1.5072
CCCCOOCCCN,1.0835000000000001
CCCCOOCCCO,1.1171
CCCCOOCCN,0.6934000000000001
CCCCOOCCO,0.7270000000000001
CCCCOOCN,0.6509000000000001
CCCCOOCO,0.6845000000000001
CCCCOOc1ccccc1,2.7971000000000013
CCCCOOc1ccncc1,2.1921
CCCCOc1ccccc1,2.8655000000000017
CCCCOc1cccnc1,2.2605000000000004
CCCCOc1ccncc1,2.2605000000000004
CCCCS,1.7163
CCCCc1ccccc1,3.0292000000000012
CCCCc1ccccc1C,3.337620000000002
CCCCc1ccccc1CCCC,4.371800000000004
CCCCc1ccccc1N,2.6113999999999997
CCCCc1ccccc1OC,3.0378000000000016
CCCCc1cccnc1,2.424200000000001
CCCCc1ccncc1,2.424200000000001
CCCCl,1.6352
CCCF,1.3659
CCCI,1.8314
CCCN,0.3551000000000001
CCCNBr,1.2959
CCCNC,0.6157999999999999
CCCNC#N,0.46708
CCCNC(=O)O,0.6639999999999999
CCCNC(C)C,1.3943999999999999
CCCNC(N)=O,0.06470000000000015
CCCNC=O,0.14239999999999992
CCCNCC,1.0059
CCCNCC#N,0.5095799999999999
CCCNCC=O,0.1848999999999999
CCCNCCC,1.396
CCCNCCC#N,0.89968
CCCNCCC=O,0.575
CCCNCCCC#N,1.28978
CCCNCCCC=O,0.9650999999999998
CCCNCCCCC=O,1.3552
CCCNCCCCCCO,1.5387
CCCNCCCCCN,1.115
CCCNCCCCCO,1.1485999999999998
CCCNCCCCN,0.7248999999999999
CCCNCCCCO,0.7585
CCCNCCCN,0.3347999999999999
CCCNCCCO,0.3683999999999999
CCCNCCN,-0.055300000000000016
CCCNCCO,-0.021700000000000164
CCCNCCc1ccccc1,2.2287
CCCNCCc1ccncc1,1.6237
CCCNCN,-0.0978
CCCNCO,-0.06420000000000015
CCCNCOC,0.5898999999999999
CCCNCOC#N,0.44117999999999996
CCCNCOC=O,0.11649999999999988
CCCNCOCC,0.98
CCCNCOCC#N,0.48367999999999994
CCCNCOCC=O,0.15899999999999986
CCCNCOCCC,1.3700999999999999
CCCNCOCCC=O,0.5490999999999997
CCCNCOCCCCO,0.7325999999999999
CCCNCOCCCN,0.30890000000000006
CCCNCOCCCO,0.3425000000000001
CCCNCOCCN,-0.0811999999999996
CCCNCOCCO,-0.04760000000000025
CCCNCOCN,-0.12370000000000003
CCCNCOCO,-0.09010000000000018
CCCNCOc1ccccc1,2.0225
CCCNCOc1ccncc1,1.4175
CCCNCc1ccccc1,2.1862000000000004
CCCNCc1ccncc1,1.5812
CCCNCl,1.1398
CCCNF,0.8705
CCCNN,-0.14029999999999998
CCCNNC,0.12039999999999995
CCCNNC#N,-0.028320000000000012
CCCNNC=O,-0.35300000000000015
CCCNNCC,0.5105000000000001
CCCNNCC#N,0.01417999999999997
CCCNNCC=O,-0.3105000000000002
CCCNNCCC,0.9006
CCCNNCCC=O,0.0795999999999999
CCCNNCCCCO,0.26309999999999995
CCCNNCCCN,-0.16059999999999863
CCCNNCCCO,-0.12699999999999995
CCCNNCCN,-0.5506999999999993
CCCNNCCO,-0.5171000000000003
CCCNNCN,-0.5931999999999997
CCCNNCO,-0.5596000000000003
CCCNNc1ccccc1,2.0130999999999997
CCCNNc1ccncc1,1.4081
CCCNO,0.3752
CCCNOC,0.5473999999999999
CCCNOC#N,0.39868
CCCNOC=O,0.0739999999999999
CCCNOCC,0.9375
CCCNOCC#N,0.44117999999999996
CCCNOCC=O,0.11649999999999988
CCCNOCCC,1.3276
CCCNOCCC=O,0.5065999999999997
CCCNOCCCCO,0.6900999999999999
CCCNOCCCN,0.26639999999999986
CCCNOCCCO,0.2999999999999999
CCCNOCCN,-0.12370000000000003
CCCNOCCO,-0.09010000000000018
CCCNOCN,-0.16620000000000001
CCCNOCO,-0.13260000000000016
CCCNOc1ccccc1,1.98
CCCNOc1ccncc1,1.375
CCCNc1ccccc1,2.5085000000000006
CCCNc1cccnc1,1.9034999999999997
CCCNc1ccncc1,1.9034999999999997
CCCO,0.3887
CCCOBr,1.7228999999999999
CCCOC,1.0428
CCCOC#N,0.89408
CCCOC(=O)O,1.091
CCCOC(C)=O,0.9595
CCCOC(C)C,1.8214000000000001
CCCOC(N)=O,0.49170000000000014
CCCOC=O,0.5694
CCCOCC,1.4329
CCCOCC#N,0.93658
CCCOCC=O,0.6119
CCCOCCC,1.823
CCCOCCC#N,1.32668
CCCOCCC=O,1.002
CCCOCCCC#N,1.71678
CCCOCCCC=O,1.3921
CCCOCCCCC=O,1.7822
CCCOCCCCCCO,1.9657000000000004
CCCOCCCCCN,1.542
CCCOCCCCCO,1.5756000000000001
CCCOCCCCN,1.1519
CCCOCCCCO,1.1855
CCCOCCCN,0.7618
CCCOCCCO,0.7953999999999999
CCCOCCN,0.37170000000000003
CCCOCCO,0.40530000000000005
CCCOCCc1ccccc1,2.6557000000000013
CCCOCCc1ccncc1,2.0507
CCCOCN,0.32920000000000005
CCCOCNC,0.5898999999999999
CCCOCNCC,0.98
CCCOCO,0.36280000000000007
CCCOCOC,1.0169000000000001
CCCOCOC#N,0.86818
CCCOCOC=O,0.5434999999999999
CCCOCOCC,1.407
CCCOCOCC#N,0.9106799999999999
CCCOCOCC=O,0.5860000000000001
CCCOCOCCC,1.7971
CCCOCOCCC=O,0.9761
CCCOCOCCCCO,1.1596
CCCOCOCCCN,0.7359
CCCOCOCCCO,0.7694999999999999
CCCOCOCCN,0.3458
CCCOCOCCO,0.3794
CCCOCOCN,0.3033
CCCOCOCO,0.33690000000000003
CCCOCOc1ccccc1,2.4495000000000005
CCCOCOc1ccncc1,1.8444999999999998
CCCOCc1ccccc1,2.613200000000001
CCCOCc1cccnc1,2.0082
CCCOCc1ccncc1,2.0082
CCCOCl,1.5668
CCCOF,1.2975
CCCON,0.28670000000000007
CCCONC,0.5473999999999999
CCCONC#N,0.39868
CCCONC=O,0.0739999999999999
CCCONCC,0.9375
CCCONCC#N,0.44117999999999996
CCCONCC=O,0.11649999999999988
CCCONCCC=O,0.5065999999999997
CCCONCCCCO,0.6900999999999999
CCCONCCCN,0.26639999999999986
CCCONCCCO,0.2999999999999999
CCCONCCN,-0.12370000000000003
CCCONCCO,-0.09010000000000018
CCCONCN,-0.16620000000000001
CCCONCO,-0.13260000000000016
CCCONc1ccccc1,2.4401
CCCONc1ccncc1,1.8350999999999997
CCCOO,0.8860000000000001
CCCOOC,0.9744
CCCOOC#N,0.82568
CCCOOC=O,0.501
CCCOOCC,1.3645
CCCOOCC#N,0.8681800000000001
CCCOOCC=O,0.5435000000000001
CCCOOCCC,1.7546
CCCOOCCC=O,0.9336
CCCOOCCCCO,1.1171
CCCOOCCCN,0.6934000000000001
CCCOOCCCO,0.7270000000000001
CCCOOCCN,0.3033
CCCOOCCO,0.33690000000000003
CCCOOCN,0.26080000000000003
CCCOOCO,0.29440000000000005
CCCOOc1ccccc1,2.407000000000001
CCCOOc1ccncc1,1.802
CCCOc1ccccc1,2.4754000000000005
CCCOc1cccnc1,1.8703999999999998
CCCOc1ccncc1,1.8703999999999998
CCCS,1.3262
CCC[IH]CC,2.1193
CCCc1ccccc1,2.639100000000001
CCCc1ccccc1C,2.9475200000000017
CCCc1ccccc1CCC,3.5916000000000023
CCCc1ccccc1N,2.2213000000000003
CCCc1ccccc1OC,2.6477000000000013
CCCc1cccnc1,2.0341
CCCc1ccncc1,2.0341
CCCl,1.2451
CCF,0.9758
CCI,1.4413
CCN,-0.03499999999999981
CCN(CC)CC,1.3481
CCNBr,0.9057999999999999
CCNC,0.22569999999999996
CCNC#N,0.07697999999999999
CCNC(=O)O,0.27390000000000014
CCNC(=O)c1ccccc1,1.4363000000000001
CCNC(C)=O,0.14240000000000014
CCNC(C)C,1.0043
CCNC(N)=O,-0.3254000000000001
CCNC=O,-0.24769999999999998
CCNCC,0.6157999999999999
CCNCC#N,0.11947999999999998
CCNCC=O,-0.20520000000000005
CCNCCC#N,0.5095799999999999
CCNCCC=O,0.1848999999999999
CCNCCCC#N,0.89968
CCNCCCC=O,0.575
CCNCCCCC=O,0.9650999999999998
CCNCCCCCCO,1.1485999999999998
CCNCCCCCN,0.7248999999999999
CCNCCCCCO,0.7585
CCNCCCCN,0.3347999999999999
CCNCCCCO,0.3683999999999999
CCNCCCN,-0.055300000000000016
CCNCCCO,-0.021700000000000164
CCNCCN,-0.4454000000000002
CCNCCO,-0.4118000000000001
CCNCCc1ccccc1,1.8386
CCNCCc1ccncc1,1.2336
CCNCN,-0.48789999999999994
CCNCO,-0.45430000000000004
CCNCOC,0.19980000000000003
CCNCOC#N,0.05108000000000007
CCNCOC=O,-0.27360000000000007
CCNCOCC,0.5899000000000001
CCNCOCC#N,0.09358000000000005
CCNCOCC=O,-0.23110000000000008
CCNCOCCC=O,0.15900000000000003
CCNCOCCCCO,0.3425000000000001
CCNCOCCCN,-0.0811999999999996
CCNCOCCCO,-0.04759999999999981
CCNCOCCN,-0.47129999999999933
CCNCOCCO,-0.43770000000000014
CCNCOCN,-0.5137999999999996
CCNCOCO,-0.4802000000000001
CCNCOc1ccccc1,1.6324
CCNCOc1ccncc1,1.0274
CCNCc1ccccc1,1.7961
CCNCc1ccncc1,1.1911
CCNCl,0.7497
CCNF,0.4804
CCNN,-0.5304
CCNNC,-0.2697000000000003
CCNNC#N,-0.4184200000000002
CCNNC=O,-0.7431000000000003
CCNNCC,0.12039999999999967
CCNNCC#N,-0.37592000000000025
CCNNCC=O,-0.7006000000000001
CCNNCCC=O,-0.31050000000000044
CCNNCCCCO,-0.1270000000000004
CCNNCCCN,-0.5506999999999995
CCNNCCCO,-0.5171000000000003
CCNNCCN,-0.9407999999999994
CCNNCCO,-0.9072
CCNNCN,-0.9832999999999994
CCNNCO,-0.9497000000000002
CCNNc1ccccc1,1.6229999999999998
CCNNc1ccncc1,1.0179999999999998
CCNO,-0.014900000000000024
CCNOC,0.15730000000000005
CCNOC#N,0.008579999999999977
CCNOC=O,-0.3161
CCNOCC,0.5474000000000001
CCNOCC#N,0.05108000000000007
CCNOCC=O,-0.27360000000000007
CCNOCCC=O,0.11649999999999988
CCNOCCCCO,0.3000000000000001
CCNOCCCN,-0.12370000000000003
CCNOCCCO,-0.09009999999999979
CCNOCCN,-0.5137999999999996
CCNOCCO,-0.4802000000000001
CCNOCN,-0.5563
CCNOCO,-0.5227000000000002
CCNOc1ccccc1,1.5899
CCNOc1ccncc1,0.9849000000000001
CCNc1ccccc1,2.1184
CCNc1cccnc1,1.5133999999999999
CCNc1ccncc1,1.5133999999999999
CCO,-0.0014000000000000123
CCOBr,1.3328
CCOC,0.6527000000000001
CCOC#N,0.5039800000000001
CCOC(=O)O,0.7009000000000001
CCOC(=O)c1ccccc1,1.8633
CCOC(C)=O,0.5694
CCOC(C)C,1.4313
CCOC(N)=O,0.10160000000000025
CCOC=O,0.17930000000000001
CCOCC,1.0428000000000002
CCOCC#N,0.5464800000000001
CCOCC=O,0.2218
CCOCCC#N,0.9365800000000001
CCOCCC=O,0.6119000000000001
CCOCCCC#N,1.32668
CCOCCCC=O,1.002
CCOCCCCC=O,1.3921000000000001
CCOCCCCCCO,1.5756000000000001
CCOCCCCCN,1.1519000000000001
CCOCCCCCO,1.1855
CCOCCCCN,0.7618
CCOCCCCO,0.7953999999999999
CCOCCCN,0.37170000000000003
CCOCCCO,0.40530000000000005
CCOCCN,-0.01839999999999986
CCOCCO,0.015200000000000047
CCOCCc1ccccc1,2.2656
CCOCCc1ccncc1,1.6606
CCOCN,-0.06089999999999984
CCOCNC,0.19980000000000003
CCOCO,-0.027299999999999935
CCOCOC,0.6268
CCOCOC#N,0.47808
CCOCOC=O,0.15339999999999998
CCOCOCC,1.0169000000000001
CCOCOCC#N,0.52058
CCOCOCC=O,0.19589999999999996
CCOCOCCC=O,0.5860000000000001
CCOCOCCCCO,0.7694999999999999
CCOCOCCCN,0.3458
CCOCOCCCO,0.3794
CCOCOCCN,-0.044299999999999895
CCOCOCCO,-0.010700000000000098
CCOCOCN,-0.08679999999999988
CCOCOCO,-0.05319999999999997
CCOCOc1ccccc1,2.0594
CCOCOc1ccncc1,1.4544
CCOCc1ccccc1,2.2231000000000005
CCOCc1cccnc1,1.6180999999999999
CCOCc1ccncc1,1.6180999999999999
CCOCl,1.1767
CCOF,0.9074
CCON,-0.10339999999999983
CCONC,0.15730000000000005
CCONC#N,0.008580000000000088
CCONC=O,-0.3161
CCONCC#N,0.05108000000000007
CCONCC=O,-0.27360000000000007
CCONCCC=O,0.11649999999999988
CCONCCCCO,0.3000000000000001
CCONCCCN,-0.12370000000000003
CCONCCCO,-0.09009999999999979
CCONCCN,-0.5137999999999996
CCONCCO,-0.4802000000000001
CCONCN,-0.5563
CCONCO,-0.5227000000000002
CCONc1ccccc1,2.05
CCONc1ccncc1,1.4449999999999998
CCOO,0.4959
CCOOC,0.5843
CCOOC#N,0.43558
CCOOC=O,0.1109
CCOOCC,0.9744
CCOOCC#N,0.47808
CCOOCC=O,0.15339999999999998
CCOOCCC=O,0.5435000000000001
CCOOCCCCO,0.7270000000000001
CCOOCCCN,0.3033
CCOOCCCO,0.33690000000000003
CCOOCCN,-0.08679999999999988
CCOOCCO,-0.05319999999999997
CCOOCN,-0.12929999999999986
CCOOCO,-0.09569999999999995
CCOOc1ccccc1,2.0169
CCOOc1ccncc1,1.4119
CCOc1ccccc1,2.0853
CCOc1cccnc1,1.4803
CCOc1ccncc1,1.4803
CCS,0.9360999999999999
CCSCC,1.7593999999999999
CC[IH]C,1.3391
CC[IH]CC,1.7292
CCc1ccccc1,2.2490000000000006
CCc1ccccc1C,2.5574200000000005
CCc1ccccc1C(C)=O,2.451600000000001
CCc1ccccc1CC,2.811400000000001
CCc1ccccc1N,1.8312
CCc1ccccc1OC,2.2576
CCc1cccnc1,1.644
CCc1ccncc1,1.644
CCl,0.855
CF,0.5857
CN,-0.4251
CNBr,0.5157
CNC,-0.1644000000000001
CNC#N,-0.31312
CNC(=O)O,-0.11619999999999997
CNC(=O)c1ccccc1,1.0462
CNC(C)=O,-0.24770000000000003
CNC(C)C,0.6141999999999999
CNC(N)=O,-0.7155
CNC=O,-0.6378000000000001
CNCC#N,-0.2706200000000001
CNCC=O,-0.5953000000000002
CNCCC#N,0.11947999999999998
CNCCC=O,-0.20520000000000005
CNCCCC#N,0.5095799999999999
CNCCCC=O,0.18489999999999984
CNCCCCC=O,0.575
CNCCCCCCO,0.7585
CNCCCCCN,0.3347999999999999
CNCCCCCO,0.3683999999999999
CNCCCCN,-0.055300000000000016
CNCCCCO,-0.02170000000000022
CNCCCN,-0.4454000000000002
CNCCCO,-0.4118000000000001
CNCCN,-0.8354999999999999
CNCCO,-0.8019000000000001
CNCCc1ccccc1,1.4485
CNCCc1ccncc1,0.8434999999999999
CNCN,-0.8780000000000001
CNCO,-0.8444
CNCOC,-0.19030000000000014
CNCOC#N,-0.3390200000000001
CNCOC=O,-0.6637000000000002
CNCOCC#N,-0.2965200000000001
CNCOCC=O,-0.6212000000000002
CNCOCCC=O,-0.2311000000000003
CNCOCCCCO,-0.04760000000000025
CNCOCCCN,-0.47129999999999933
CNCOCCCO,-0.43770000000000014
CNCOCCN,-0.8613999999999993
CNCOCCO,-0.8278000000000001
CNCOCN,-0.9038999999999993
CNCOCO,-0.8703000000000001
CNCOc1ccccc1,1.2423
CNCOc1ccncc1,0.6373
CNCc1ccccc1,1.406
CNCc1ccncc1,0.8009999999999999
CNCl,0.3596
CNF,0.09029999999999999
CNN,-0.9205000000000001
CNNC,-0.6598000000000002
CNNC#N,-0.8085200000000001
CNNC=O,-1.1332
CNNCC#N,-0.7660200000000001
CNNCC=O,-1.0907
CNNCCC=O,-0.7006000000000001
CNNCCCCO,-0.5171000000000003
CNNCCCN,-0.9407999999999999
CNNCCCO,-0.9072
CNNCCN,-1.3308999999999993
CNNCCO,-1.2972999999999997
CNNCN,-1.3733999999999997
CNNCO,-1.3398
CNNc1ccccc1,1.2328999999999999
CNNc1ccncc1,0.6278999999999998
CNO,-0.40499999999999997
CNOC,-0.23280000000000012
CNOC#N,-0.38152
CNOC=O,-0.7062000000000002
CNOCC#N,-0.3390200000000001
CNOCC=O,-0.6637000000000002
CNOCCC=O,-0.2736000000000003
CNOCCCCO,-0.09010000000000024
CNOCCCN,-0.5137999999999996
CNOCCCO,-0.4802000000000001
CNOCCN,-0.9038999999999993
CNOCCO,-0.8703000000000001
CNOCN,-0.9463999999999997
CNOCO,-0.9128000000000001
CNOc1ccccc1,1.1998
CNOc1ccncc1,0.5948
CNc1ccccc1,1.7283
CNc1cccnc1,1.1232999999999997
CNc1ccncc1,1.1232999999999997
CO,-0.3915
COBr,0.9427000000000001
COC,0.26260000000000006
COC#N,0.11387999999999998
COC(=O)O,0.31079999999999997
COC(=O)c1ccccc1,1.4732
COC(C)=O,0.17930000000000001
COC(C)C,1.0412
COC(N)=O,-0.2884999999999999
COC=O,-0.2108000000000001
COCC#N,0.15638000000000002
COCC=O,-0.1682999999999999
COCCC#N,0.5464800000000001
COCCC=O,0.2218
COCCCC#N,0.9365800000000001
COCCCC=O,0.6119000000000001
COCCCCC=O,1.002
COCCCCCCO,1.1855
COCCCCCN,0.7618
COCCCCCO,0.7953999999999999
COCCCCN,0.37170000000000003
COCCCCO,0.40530000000000005
COCCCN,-0.01839999999999986
COCCCO,0.015200000000000047
COCCN,-0.4084999999999998
COCCO,-0.37489999999999996
COCCc1ccccc1,1.8755
COCCc1ccncc1,1.2705
COCN,-0.4509999999999998
COCO,-0.41739999999999994
COCOC,0.23670000000000002
COCOC#N,0.08798000000000006
COCOC=O,-0.2366999999999999
COCOCC#N,0.13048000000000004
COCOCC=O,-0.19419999999999993
COCOCCC=O,0.19589999999999996
COCOCCCCO,0.3794
COCOCCCN,-0.044299999999999895
COCOCCCO,-0.010700000000000098
COCOCCN,-0.43439999999999984
COCOCCO,-0.4008
COCOCN,-0.4768999999999998
COCOCO,-0.44329999999999997
COCOc1ccccc1,1.6693
COCOc1ccncc1,1.0643
COCc1ccccc1,1.8330000000000002
COCc1cccnc1,1.228
COCc1ccncc1,1.228
COCl,0.7866
COF,0.5173000000000001
CON,-0.4935
CONC#N,-0.38152
CONC=O,-0.7062000000000002
CONCC#N,-0.3390200000000001
CONCC=O,-0.6637000000000002
CONCCC=O,-0.2736000000000003
CONCCCCO,-0.09010000000000024
CONCCCN,-0.5137999999999996
CONCCCO,-0.4802000000000001
CONCCN,-0.9038999999999993
CONCCO,-0.8703000000000001
CONCN,-0.9463999999999997
CONCO,-0.9128000000000001
CONc1ccccc1,1.6599
CONc1ccncc1,1.0549
COO,0.10580000000000006
COOC,0.19420000000000004
COOC#N,0.045479999999999965
COOC=O,-0.2792000000000001
COOCC#N,0.08798000000000006
COOCC=O,-0.2366999999999999
COOCCC=O,0.15339999999999998
COOCCCCO,0.33690000000000003
COOCCCN,-0.08679999999999988
COOCCCO,-0.05319999999999997
COOCCN,-0.4768999999999998
COOCCO,-0.44329999999999997
COOCN,-0.5193999999999999
COOCO,-0.48579999999999995
COOc1ccccc1,1.6268
COOc1ccncc1,1.0217999999999998
COc1ccccc1,1.6952
COc1cccnc1,1.0901999999999998
COc1ccncc1,1.0901999999999998
Cc1ccccc1,1.99502
Cc1cccnc1,1.39002
Cc1ccncc1,1.39002
ClCBr,1.5776
ClCCBr,1.6200999999999999
ClCCCBr,2.0102
ClCCCCBr,2.4003000000000005
ClCCCCCBr,2.790400000000001
ClCCCCCCBr,3.180500000000002
ClCCCCCCCBr,3.5706000000000024
ClCCCCCCCCBr,3.9607000000000037
ClCCCCCCCCCBr,4.350800000000004
ClCCCCCCCCCCl,4.194700000000004
ClCCCCCCCCCl,3.8046000000000033
ClCCCCCCCCl,3.414500000000002
ClCCCCCCCl,3.0244000000000018
ClCCCCCCl,2.6343000000000014
ClCCCCCl,2.2442
ClCCCCOBr,2.3319
ClCCCCOCl,2.1757999999999997
ClCCCCl,1.8540999999999999
ClCCCNBr,1.5148
ClCCCNCl,1.3587
ClCCCOBr,1.9418
ClCCCOCl,1.7856999999999998
ClCCCl,1.464
ClCCNBr,1.1247
ClCCNCl,0.9685999999999999
ClCCOBr,1.5516999999999999
ClCCOCl,1.3956
ClCCl,1.4215
ClCNBr,1.0822
ClCNCl,0.9260999999999999
ClCOBr,1.5091999999999999
ClCOCl,1.3531
ClNCBr,1.0822
ClNCCBr,1.1247
ClNCCCBr,1.5148
ClOCBr,1.5091999999999999
ClOCCBr,1.5517
ClOCCCBr,1.9418
ClOCCCCBr,2.3319
Clc1ccccc1,2.34
Clc1ccccc1Br,3.1025
Clc1ccccc1Cl,2.9934000000000003
Clc1cccnc1,1.7349999999999997
Clc1ccncc1,1.7349999999999997
Clc1ccncc1Br,2.4975000000000005
Clc1ccncc1Cl,2.3884000000000007
Clc1cnccc1Br,2.4975000000000005
FCBr,1.3083
FCCBr,1.3508
FCCCBr,1.7409000000000001
FCCCCBr,2.1310000000000002
FCCCCCBr,2.5211000000000006
FCCCCCCBr,2.911200000000002
FCCCCCCCBr,3.301300000000002
FCCCCCCCCBr,3.6914000000000033
FCCCCCCCCCBr,4.081500000000004
FCCCCCCCCCCl,3.9254000000000033
FCCCCCCCCCF,3.656100000000003
FCCCCCCCCCl,3.535300000000003
FCCCCCCCCF,3.266000000000002
FCCCCCCCCl,3.1452000000000018
FCCCCCCCF,2.8759000000000015
FCCCCCCCl,2.7551000000000014
FCCCCCCF,2.4858000000000002
FCCCCCCl,2.365
FCCCCCF,2.0957
FCCCCCl,1.9749
FCCCCF,1.7056
FCCCCOBr,2.0625999999999998
FCCCCOCl,1.9065
FCCCCOF,1.6372
FCCCCl,1.5848
FCCCF,1.3155000000000001
FCCCNBr,1.2454999999999998
FCCCNCl,1.0894
FCCCNF,0.8201
FCCCOBr,1.6725
FCCCOCl,1.5164
FCCCOF,1.2471
FCCCl,1.1947
FCCF,0.9254
FCCNBr,0.8554000000000002
FCCNCl,0.6993
FCCNF,0.4300000000000001
FCCOBr,1.2824
FCCOCl,1.1263
FCCOF,0.857
FCCl,1.1522
FCF,0.8829
FCNBr,0.8129
FCNCl,0.6568
FCNF,0.3875
FCOBr,1.2399
FCOCl,1.0838
FCOF,0.8145
FNCBr,0.8129
FNCCBr,0.8553999999999999
FNCCCBr,1.2455
FNCCCCl,1.0894
FNCCCl,0.6993
FNCCl,0.6568
FOCBr,1.2399
FOCCBr,1.2824
FOCCCBr,1.6725
FOCCCCBr,2.0625999999999998
FOCCCCCl,1.9065
FOCCCCl,1.5164
FOCCCl,1.1263
FOCCl,1.0838
Fc1ccccc1,1.8256999999999999
Fc1ccccc1Br,2.5882000000000005
Fc1ccccc1Cl,2.4791000000000007
Fc1ccccc1F,1.9647999999999999
Fc1cccnc1,1.2207000000000001
Fc1ccncc1,1.2207000000000001
Fc1ccncc1Br,1.9831999999999999
Fc1ccncc1Cl,1.8741
Fc1ccncc1F,1.3598
Fc1cnccc1Br,1.9831999999999999
Fc1cnccc1Cl,1.8741
Ic1ccccc1,2.2912
N#CBr,0.86238
N#CCBr,0.90488
N#CCCBr,1.29498
N#CCCCBr,1.68508
N#CCCCCBr,2.07518
N#CCCCCCBr,2.465280000000001
N#CCCCCCCBr,2.855380000000001
N#CCCCCCCCBr,3.2454800000000024
N#CCCCCCCCCBr,3.6355800000000027
N#CCCCCCCCCCBr,4.025680000000003
N#CCCCCCCCCCCl,3.8695800000000027
N#CCCCCCCCCCF,3.6002800000000024
N#CCCCCCCCCCO,2.623080000000001
N#CCCCCCCCCCl,3.4794800000000023
N#CCCCCCCCCF,3.210180000000002
N#CCCCCCCCCO,2.232980000000001
N#CCCCCCCCCl,3.089380000000002
N#CCCCCCCCF,2.820080000000001
N#CCCCCCCCO,1.8428799999999996
N#CCCCCCCCl,2.699280000000001
N#CCCCCCCF,2.4299800000000005
N#CCCCCCCO,1.45278
N#CCCCCCCl,2.3091800000000005
N#CCCCCCF,2.03988
N#CCCCCCO,1.0626799999999998
N#CCCCCCl,1.91908
N#CCCCCF,1.64978
N#CCCCCO,0.67258
N#CCCCCl,1.52898
N#CCCCF,1.25968
N#CCCCO,0.28248
N#CCCCc1ccccc1,2.5328800000000005
N#CCCCc1cccnc1,1.9278800000000003
N#CCCCl,1.1388800000000001
N#CCCF,0.86958
N#CCCO,-0.10762
N#CCCc1ccccc1,2.14278
N#CCCc1cccnc1,1.53778
N#CCCl,0.74878
N#CCF,0.47948
N#CCNc1ccccc1,1.62208
N#CCNc1cccnc1,1.01708
N#CCO,-0.49772
N#CCOCc1ccccc1,1.72678
N#CCOCc1cccnc1,1.1217799999999998
N#CCOc1ccccc1,1.5889799999999998
N#CCOc1cccnc1,0.9839799999999999
N#CCc1ccccc1,1.75268
N#CCc1cccnc1,1.14768
N#CCl,0.70628
N#CF,0.43698000000000004
N#CNCBr,0.40948
N#CNCCBr,0.45198
N#CNCCCBr,0.8420799999999999
N#CNCCCCl,0.68598
N#CNCCCF,0.41668
N#CNCCCO,-0.5605200000000001
N#CNCCCl,0.29588
N#CNCCF,0.026579999999999993
N#CNCCO,-0.9506200000000002
N#CNCCl,0.25338
N#CNCF,-0.01591999999999999
N#CNCO,-0.9931200000000002
N#CNc1ccccc1,1.57958
N#CNc1cccnc1,0.9745799999999998
N#CO,-0.16002
N#COCBr,0.83648
N#COCCBr,0.87898
N#COCCCBr,1.26908
N#COCCCCBr,1.6591799999999999
N#COCCCCCl,1.50308
N#COCCCCF,1.23378
N#COCCCCO,0.25658
N#COCCCCl,1.1129799999999999
N#COCCCF,0.84368
N#COCCCO,-0.13352000000000003
N#COCCCl,0.72288
N#COCCF,0.45358
N#COCCO,-0.52362
N#COCCl,0.68038
N#COCF,0.41108
N#COCO,-0.56612
N#COCc1ccccc1,1.68428
N#COCc1cccnc1,1.0792799999999998
N#COc1ccccc1,1.54648
N#COc1cccnc1,0.94148
N#Cc1ccccc1,1.5582799999999999
N#Cc1ccccc1Br,2.32078
N#Cc1ccccc1Cl,2.2116800000000003
N#Cc1ccccc1F,1.6973799999999999
N#Cc1ccccc1O,1.26388
N#Cc1cccnc1,0.9532799999999999
N#Cc1cnccc1Br,1.7157799999999999
N#Cc1cnccc1Cl,1.6066799999999999
N#Cc1cnccc1F,1.09238
N#Cc1cnccc1O,0.6588799999999999
NC(=O)CBr,-0.1333999999999999
NC(=O)CCBr,0.25669999999999993
NC(=O)CCCBr,0.6467999999999998
NC(=O)CCCCBr,1.0368999999999997
NC(=O)CCCCCBr,1.4269999999999998
NC(=O)CCCCCCBr,1.8170999999999997
NC(=O)CCCCCCCBr,2.2071999999999994
NC(=O)CCCCCCCCBr,2.5973000000000006
NC(=O)CCCCCCCCCBr,2.987400000000001
NC(=O)CCCCCCCCCCl,2.8313000000000006
NC(=O)CCCCCCCCCF,2.5620000000000003
NC(=O)CCCCCCCCCO,1.5847999999999995
NC(=O)CCCCCCCCCl,2.4412000000000003
NC(=O)CCCCCCCCF,2.1719
NC(=O)CCCCCCCCO,1.1946999999999997
NC(=O)CCCCCCCCl,2.0511
NC(=O)CCCCCCCF,1.7817999999999996
NC(=O)CCCCCCCO,0.8045999999999995
NC(=O)CCCCCCCl,1.6609999999999998
NC(=O)CCCCCCF,1.3916999999999997
NC(=O)CCCCCCO,0.4144999999999995
NC(=O)CCCCCCl,1.2708999999999997
NC(=O)CCCCCF,1.0015999999999998
NC(=O)CCCCCO,0.02439999999999959
NC(=O)CCCCCl,0.8807999999999997
NC(=O)CCCCF,0.6114999999999997
NC(=O)CCCCO,-0.3657000000000003
NC(=O)CCCCl,0.4906999999999998
NC(=O)CCCF,0.22139999999999982
NC(=O)CCCO,-0.7558000000000002
NC(=O)CCCl,0.10059999999999986
NC(=O)CCF,-0.1687000000000003
NC(=O)CCO,-1.1459000000000001
NC(=O)CCl,-0.2895000000000001
NC(=O)CF,-0.5588000000000002
NC(=O)CO,-1.536
NC(=O)NCBr,0.007100000000000217
NC(=O)NCCBr,0.04959999999999992
NC(=O)NCCCBr,0.43970000000000026
NC(=O)NCCCCl,0.28360000000000013
NC(=O)NCCCF,0.01429999999999998
NC(=O)NCCCO,-0.9628999999999999
NC(=O)NCCCl,-0.10650000000000004
NC(=O)NCCF,-0.3757999999999999
NC(=O)NCCO,-1.3530000000000002
NC(=O)NCCl,-0.14899999999999997
NC(=O)NCF,-0.4182999999999999
NC(=O)NCO,-1.3955000000000002
NC(=O)OCBr,0.43410000000000015
NC(=O)OCCBr,0.47660000000000013
NC(=O)OCCCBr,0.8667000000000002
NC(=O)OCCCCBr,1.2568000000000001
NC(=O)OCCCCCl,1.1007000000000002
NC(=O)OCCCCF,0.8314000000000001
NC(=O)OCCCCO,-0.14579999999999987
NC(=O)OCCCCl,0.7106000000000002
NC(=O)OCCCF,0.4413000000000003
NC(=O)OCCCO,-0.5358999999999998
NC(=O)OCCCl,0.3205000000000001
NC(=O)OCCF,0.05120000000000019
NC(=O)OCCO,-0.9260000000000002
NC(=O)OCCl,0.27800000000000014
NC(=O)OCF,0.008700000000000152
NC(=O)OCO,-0.9685000000000001
NC(=O)c1ccccc1,0.7855000000000001
NC(=O)c1ccccc1Br,1.548
NC(=O)c1ccccc1Cl,1.4389
NC(=O)c1ccccc1F,0.9246000000000001
NC(=O)c1ccccc1O,0.49110000000000004
NC(=O)c1cccnc1,0.18050000000000016
NC(=O)c1cnccc1Br,0.9430000000000001
NC(=O)c1cnccc1Cl,0.8339
NC(=O)c1cnccc1F,0.3196
NC(=O)c1cnccc1O,-0.11390000000000006
NCBr,0.2975000000000001
NCCBr,0.3400000000000001
NCCCBr,0.7301000000000002
NCCCCBr,1.1202000000000003
NCCCCCBr,1.5103000000000002
NCCCCCCBr,1.9004
NCCCCCCCBr,2.2905000000000006
NCCCCCCCCBr,2.680600000000001
NCCCCCCCCCBr,3.070700000000002
NCCCCCCCCCCl,2.914600000000002
NCCCCCCCCCF,2.6453000000000015
NCCCCCCCCCO,1.6681000000000001
NCCCCCCCCCl,2.5245000000000006
NCCCCCCCCF,2.2552000000000003
NCCCCCCCCO,1.278
NCCCCCCCCl,2.1344000000000003
NCCCCCCCF,1.8651000000000002
NCCCCCCCO,0.8879000000000001
NCCCCCCCl,1.7443000000000002
NCCCCCCF,1.4750000000000003
NCCCCCCO,0.4978000000000001
NCCCCCCl,1.3542
NCCCCCF,1.0849000000000002
NCCCCCO,0.10769999999999996
NCCCCCc1ccccc1,2.3581000000000003
NCCCCCc1cccnc1,1.7531000000000003
NCCCCCl,0.9641000000000003
NCCCCF,0.6948000000000003
NCCCCO,-0.28239999999999993
NCCCCc1ccccc1,1.9680000000000002
NCCCCc1cccnc1,1.3630000000000002
NCCCCl,0.5740000000000002
NCCCF,0.30470000000000025
NCCCNc1ccccc1,1.4472999999999998
NCCCNc1cccnc1,0.8422999999999996
NCCCO,-0.6724999999999999
NCCCOCc1ccccc1,1.552
NCCCOCc1cccnc1,0.9470000000000001
NCCCOc1ccccc1,1.4142000000000003
NCCCOc1cccnc1,0.8092000000000004
NCCCc1ccccc1,1.5779
NCCCc1cccnc1,0.9729000000000001
NCCCl,0.1839
NCCF,-0.08539999999999992
NCCNc1ccccc1,1.0572
NCCNc1cccnc1,0.45219999999999955
NCCO,-1.0626000000000002
NCCOCc1ccccc1,1.1618999999999997
NCCOCc1cccnc1,0.5568999999999995
NCCOc1ccccc1,1.0240999999999998
NCCOc1cccnc1,0.4190999999999998
NCCc1ccccc1,1.1878
NCCc1cccnc1,0.5828
NCCl,0.14140000000000008
NCF,-0.12789999999999985
NCNc1ccccc1,1.0147000000000002
NCNc1cccnc1,0.4097
NCO,-1.1051000000000002
NCOCc1ccccc1,1.1193999999999997
NCOCc1cccnc1,0.5143999999999997
NCOc1ccccc1,0.9816
NCOc1cccnc1,0.3766000000000001
NCc1ccccc1,1.1453
NCc1cccnc1,0.5403
NNCBr,-0.19790000000000013
NNCCBr,-0.15539999999999976
NNCCCBr,0.23470000000000013
NNCCCCl,0.0786
NNCCCF,-0.1907000000000001
NNCCCO,-1.1679
NNCCCl,-0.3114999999999999
NNCCF,-0.5808
NNCCO,-1.5579999999999998
NNCCl,-0.3540000000000001
NNCF,-0.6233
NNCO,-1.6005000000000003
NOCBr,0.22910000000000008
NOCCBr,0.27160000000000006
NOCCCBr,0.6617000000000002
NOCCCCBr,1.0518
NOCCCCCl,0.8957
NOCCCCF,0.6264000000000001
NOCCCCO,-0.35079999999999995
NOCCCCl,0.5056000000000002
NOCCCF,0.23630000000000018
NOCCCO,-0.7408999999999999
NOCCCl,0.11549999999999999
NOCCF,-0.15379999999999994
NOCCO,-1.1310000000000002
NOCCl,0.07300000000000006
NOCF,-0.19629999999999986
NOCO,-1.1735000000000002
Nc1ccccc1,1.2688000000000001
Nc1ccccc1Br,2.0313
Nc1ccccc1Cl,1.9222
Nc1ccccc1F,1.4079
Nc1ccccc1O,0.9743999999999999
Nc1cccnc1,0.6638000000000001
Nc1cnccc1Br,1.4263000000000001
Nc1cnccc1Cl,1.3172000000000001
Nc1cnccc1F,0.8029000000000002
Nc1cnccc1O,0.3694000000000001
O=C(CCc1ccccc1)c1ccccc1,3.502100000000002
O=C(Cc1ccccc1)c1ccccc1,3.112000000000002
O=C(Nc1ccccc1)c1ccccc1,2.938900000000001
O=C(O)CBr,0.46590000000000004
O=C(O)CCBr,0.8560000000000001
O=C(O)CCCBr,1.2461
O=C(O)CCCCBr,1.6362
O=C(O)CCCCCBr,2.0263
O=C(O)CCCCCCBr,2.4164000000000003
O=C(O)CCCCCCCBr,2.8065000000000015
O=C(O)CCCCCCCCBr,3.196600000000002
O=C(O)CCCCCCCCCBr,3.586700000000003
O=C(O)CCCCCCCCCCl,3.4306000000000028
O=C(O)CCCCCCCCCF,3.1613000000000016
O=C(O)CCCCCCCCCO,2.1841000000000004
O=C(O)CCCCCCCCCl,3.0405000000000015
O=C(O)CCCCCCCCF,2.771200000000001
O=C(O)CCCCCCCCO,1.794
O=C(O)CCCCCCCCl,2.650400000000001
O=C(O)CCCCCCCF,2.381100000000001
O=C(O)CCCCCCCO,1.4039
O=C(O)CCCCCCCl,2.2603
O=C(O)CCCCCCF,1.991
O=C(O)CCCCCCO,1.0138
O=C(O)CCCCCCl,1.8702
O=C(O)CCCCCF,1.6009
O=C(O)CCCCCO,0.6236999999999999
O=C(O)CCCCCl,1.4801
O=C(O)CCCCF,1.2108
O=C(O)CCCCO,0.23360000000000009
O=C(O)CCCCl,1.09
O=C(O)CCCF,0.8207
O=C(O)CCCO,-0.15650000000000003
O=C(O)CCCl,0.6999
O=C(O)CCF,0.43060000000000004
O=C(O)CCO,-0.5466
O=C(O)CCl,0.3098
O=C(O)CF,0.040500000000000036
O=C(O)CO,-0.9367000000000001
O=C(O)NCBr,0.6063999999999999
O=C(O)NCCBr,0.6488999999999999
O=C(O)NCCCBr,1.0390000000000001
O=C(O)NCCCCl,0.8829
O=C(O)NCCCF,0.6136
O=C(O)NCCCO,-0.36359999999999987
O=C(O)NCCCl,0.4927999999999999
O=C(O)NCCF,0.22349999999999992
O=C(O)NCCO,-0.7537000000000003
O=C(O)NCCl,0.4502999999999999
O=C(O)NCF,0.18099999999999994
O=C(O)NCO,-0.7962000000000002
O=C(O)OCBr,1.0334
O=C(O)OCCBr,1.0759
O=C(O)OCCCBr,1.466
O=C(O)OCCCCBr,1.8561
O=C(O)OCCCCCl,1.7
O=C(O)OCCCCF,1.4307
O=C(O)OCCCCO,0.45350000000000007
O=C(O)OCCCCl,1.3099
O=C(O)OCCCF,1.0406
O=C(O)OCCCO,0.06340000000000001
O=C(O)OCCCl,0.9198
O=C(O)OCCF,0.6505000000000001
O=C(O)OCCO,-0.32669999999999993
O=C(O)OCCl,0.8773
O=C(O)OCF,0.6080000000000001
O=C(O)OCO,-0.3692
O=C(O)c1ccccc1,1.3848
O=C(O)c1ccccc1Br,2.1473000000000004
O=C(O)c1ccccc1Cl,2.0382
O=C(O)c1ccccc1F,1.5239
O=C(O)c1ccccc1O,1.0903999999999998
O=C(O)c1cccnc1,0.7797999999999999
O=C(O)c1cnccc1Br,1.5423
O=C(O)c1cnccc1Cl,1.4332
O=C(O)c1cnccc1F,0.9189
O=C(O)c1cnccc1O,0.4853999999999999
O=C(Oc1ccccc1)c1ccccc1,2.905800000000001
O=C(c1ccccc1)c1ccccc1,2.917600000000001
O=C=O,-0.5835
O=CBr,0.5715
O=CCBr,0.5802
O=CCCBr,0.9703
O=CCCCCc1ccccc1,2.598300000000001
O=CCCCCc1cccnc1,1.9933
O=CCCCc1ccccc1,2.2081999999999997
O=CCCCc1cccnc1,1.6032
O=CCCCl,0.8142
O=CCCF,0.5449
O=CCCNc1ccccc1,1.6874999999999998
O=CCCNc1cccnc1,1.0824999999999998
O=CCCO,-0.43229999999999996
O=CCCOCc1ccccc1,1.7922
O=CCCOCc1cccnc1,1.1872
O=CCCOc1ccccc1,1.6544
O=CCCOc1cccnc1,1.0493999999999999
O=CCCc1ccccc1,1.8181
O=CCCc1cccnc1,1.2131
O=CCCl,0.42410000000000003
O=CCF,0.15480000000000005
O=CCNc1ccccc1,1.2973999999999999
O=CCNc1cccnc1,0.6923999999999999
O=CCO,-0.8224
O=CCOCc1ccccc1,1.4021000000000001
O=CCOCc1cccnc1,0.7971
O=CCOc1ccccc1,1.2643
O=CCOc1cccnc1,0.6592999999999999
O=CCc1ccccc1,1.428
O=CCc1cccnc1,0.823
O=CCl,0.4154
O=CF,0.1461
O=CNc1ccccc1,1.2549
O=CNc1cccnc1,0.6498999999999999
O=CO,-0.29919999999999997
O=COCc1ccccc1,1.3596
O=COCc1cccnc1,0.7545999999999999
O=COc1ccccc1,1.2217999999999998
O=COc1cccnc1,0.6167999999999998
O=Cc1ccccc1,1.4990999999999999
O=Cc1cccnc1,0.8940999999999999
OCBr,0.3311
OCCBr,0.3736
OCCCBr,0.7637
OCCCCBr,1.1538
OCCCCCBr,1.5439
OCCCCCCBr,1.934
OCCCCCCCBr,2.3241000000000005
OCCCCCCCCBr,2.714200000000001
OCCCCCCCCCBr,3.104300000000001
OCCCCCCCCCCl,2.9482000000000017
OCCCCCCCCCF,2.6789000000000014
OCCCCCCCCCO,1.7017
OCCCCCCCCCl,2.5581000000000005
OCCCCCCCCF,2.2888
OCCCCCCCCO,1.3115999999999999
OCCCCCCCCl,2.168
OCCCCCCCF,1.8987
OCCCCCCCO,0.9215
OCCCCCCCl,1.7779
OCCCCCCF,1.5086
OCCCCCCO,0.5313999999999999
OCCCCCCc1ccccc1,2.7818000000000014
OCCCCCCc1cccnc1,2.1768
OCCCCCCl,1.3878
OCCCCCF,1.1185
OCCCCCO,0.14130000000000004
OCCCCCc1ccccc1,2.3917
OCCCCCc1cccnc1,1.7867
OCCCCCl,0.9977
OCCCCF,0.7283999999999999
OCCCCNc1ccccc1,1.8709999999999998
OCCCCNc1cccnc1,1.2659999999999998
OCCCCO,-0.24880000000000008
OCCCCOBr,1.0854
OCCCCOCc1ccccc1,1.9757
OCCCCOCc1cccnc1,1.3707
OCCCCOCl,0.9293
OCCCCOF,0.6599999999999999
OCCCCOO,0.2484999999999999
OCCCCOc1ccccc1,1.8378999999999999
OCCCCOc1cccnc1,1.2328999999999999
OCCCCc1ccccc1,2.0016
OCCCCc1cccnc1,1.3966
OCCCCl,0.6075999999999999
OCCCF,0.3383
OCCCNBr,0.26830000000000004
OCCCNCl,0.11219999999999991
OCCCNF,-0.15709999999999996
OCCCNO,-0.6524000000000001
OCCCNc1ccccc1,1.4808999999999999
OCCCNc1cccnc1,0.8758999999999997
OCCCO,-0.6389
OCCCOBr,0.6953
OCCCOCc1ccccc1,1.5856
OCCCOCc1cccnc1,0.9805999999999999
OCCCOCl,0.5391999999999999
OCCCOF,0.2699
OCCCOO,-0.1416
OCCCOc1ccccc1,1.4478
OCCCOc1cccnc1,0.8427999999999999
OCCCc1ccccc1,1.6115
OCCCc1cccnc1,1.0065
OCCCl,0.21749999999999997
OCCF,-0.05180000000000007
OCCNBr,-0.12179999999999985
OCCNCl,-0.2779
OCCNF,-0.5471999999999999
OCCNO,-1.0425
OCCNc1ccccc1,1.0908
OCCNc1cccnc1,0.48580000000000007
OCCO,-1.0290000000000001
OCCOBr,0.30519999999999997
OCCOCc1ccccc1,1.1955
OCCOCc1cccnc1,0.5905
OCCOCl,0.14909999999999995
OCCOF,-0.12020000000000008
OCCOO,-0.5317000000000001
OCCOc1ccccc1,1.0576999999999999
OCCOc1cccnc1,0.4526999999999999
OCCc1ccccc1,1.2214
OCCc1cccnc1,0.6164
OCCl,0.175
OCF,-0.0943
OCNBr,-0.16429999999999984
OCNCl,-0.32039999999999996
OCNF,-0.5896999999999999
OCNO,-1.085
OCNc1ccccc1,1.0482999999999998
OCNc1cccnc1,0.44329999999999986
OCO,-1.0715000000000001
OCOBr,0.2627
OCOCc1ccccc1,1.153
OCOCc1cccnc1,0.5479999999999999
OCOCl,0.10659999999999997
OCOF,-0.1627
OCOO,-0.5742
OCOc1ccccc1,1.0151999999999999
OCOc1cccnc1,0.4101999999999999
OCc1ccccc1,1.1789
OCc1cccnc1,0.5739
ONCBr,0.3176000000000001
ONCCBr,0.3601000000000001
ONCCCBr,0.7502
ONCCCCl,0.5941
ONCCCF,0.32480000000000003
ONCCCl,0.20400000000000001
ONCCF,-0.06529999999999991
ONCCl,0.1615000000000001
ONCF,-0.10779999999999984
OOCBr,0.8284
OOCCBr,0.8709
OOCCCBr,1.261
OOCCCCBr,1.6511
OOCCCCCl,1.4949999999999999
OOCCCCF,1.2257
OOCCCCl,1.1049
OOCCCF,0.8355999999999999
OOCCCl,0.7147999999999999
OOCCF,0.44549999999999995
OOCCl,0.6722999999999999
OOCF,0.40299999999999997
Oc1ccccc1,1.3921999999999999
Oc1ccccc1Br,2.1547
Oc1ccccc1Cl,2.0456000000000003
Oc1ccccc1F,1.5312999999999999
Oc1ccccc1O,1.0977999999999999
Oc1cccnc1,0.7871999999999999
Oc1ccncc1,0.7871999999999999
